<?xml version="1.0" encoding="UTF-8"?>

<mule xmlns:tracking="http://www.mulesoft.org/schema/mule/ee/tracking" xmlns:dw="http://www.mulesoft.org/schema/mule/ee/dw" xmlns:db="http://www.mulesoft.org/schema/mule/db" xmlns:http="http://www.mulesoft.org/schema/mule/http" xmlns="http://www.mulesoft.org/schema/mule/core" xmlns:doc="http://www.mulesoft.org/schema/mule/documentation"
	xmlns:spring="http://www.springframework.org/schema/beans" 
	xmlns:xsi="http://www.w3.org/2001/XMLSchema-instance"
	xsi:schemaLocation="http://www.springframework.org/schema/beans http://www.springframework.org/schema/beans/spring-beans-current.xsd
http://www.mulesoft.org/schema/mule/core http://www.mulesoft.org/schema/mule/core/current/mule.xsd
http://www.mulesoft.org/schema/mule/http http://www.mulesoft.org/schema/mule/http/current/mule-http.xsd
http://www.mulesoft.org/schema/mule/db http://www.mulesoft.org/schema/mule/db/current/mule-db.xsd
http://www.mulesoft.org/schema/mule/ee/dw http://www.mulesoft.org/schema/mule/ee/dw/current/dw.xsd
http://www.mulesoft.org/schema/mule/ee/tracking http://www.mulesoft.org/schema/mule/ee/tracking/current/mule-tracking-ee.xsd">
    <flow name="showCustomizeFields">
        <http:listener config-ref="HTTP_Listener_Configuration" path="/EditAppDetails" doc:name="HTTP"/>
        <set-session-variable variableName="currentDomain" value="#[message.inboundProperties.'http.query.params'.domain]" doc:name="Session Variable"/>
        <set-variable variableName="build_form" value="" doc:name="Variable"/>
        <db:select config-ref="MySQL_Configuration" doc:name="Database">
            <db:parameterized-query><![CDATA[select * from custom_fields]]></db:parameterized-query>
        </db:select>
        <foreach collection="#[payload]" doc:name="For Each">
            <dw:transform-message doc:name="Transform Message">
                <dw:set-payload><![CDATA[%dw 1.0
%output application/java
---
{
	fieldname:payload.fieldname,
	defaultvalue:payload.default_value,
	displayname: payload.display_name,
	datatype: payload.datatype
}]]></dw:set-payload>
            </dw:transform-message>
            <set-variable variableName="id" value="#[payload.fieldname]" doc:name="Variable"/>
            <set-variable variableName="display_name" value="#[payload.displayname]" doc:name="display_name"/>
            <set-variable variableName="default_value" value="#[payload.defaultvalue]" doc:name="Variable"/>
            <set-variable variableName="datatype" value="#[payload.datatype]" doc:name="Variable"/>
            <db:select config-ref="MySQL_Configuration" doc:name="Database">
                <db:parameterized-query><![CDATA[select fieldvalue,notes from Api_custom_fields where domain=#[sessionVars.currentDomain] and fieldname=#[flowVars.id]]]></db:parameterized-query>
            </db:select>
            <choice doc:name="check for boolean">
                <when expression="#[flowVars.datatype == 'boolean']">
                    <choice doc:name="if in api_custom_fields">
                        <when expression="#[payload.size() ==0]">
                            <choice doc:name="defaultvalues">
                                <when expression="#[flowVars.default_value == 'yes']">
                                    <parse-template location="src/main/resources/html/build_appCustomize_checkYes.html" doc:name="Parse Template"/>
                                </when>
                                <when expression="#[flowVars.default_value == 'no']">
                                    <parse-template location="src/main/resources/html/build_appCustomize_checkNo.html" doc:name="Parse Template"/>
                                </when>
                            </choice>
                        </when>
                        <otherwise>
                            <choice doc:name="payload">
                                <when expression="#[payload[0].fieldvalue == 'yes']">
                                    <parse-template location="src/main/resources/html/build_appCustomize_checkYes.html" doc:name="Parse Template"/>
                                </when>
                                <when expression="#[payload[0].fieldvalue == 'no']">
                                    <parse-template location="src/main/resources/html/build_appCustomize_checkNo.html" doc:name="Parse Template"/>
                                </when>
                            </choice>
                        </otherwise>
                    </choice>
                </when>
                <otherwise>
                    <choice doc:name="Choice">
                        <when expression="#[payload.size() ==0]">
                            <parse-template location="src/main/resources/html/build_appCustomize_nullNotes.html" doc:name="Parse Template"/>
                        </when>
                        <otherwise>
                            <parse-template location="src/main/resources/html/build_appCustomize.html" doc:name="Parse Template"/>
                        </otherwise>
                    </choice>
                </otherwise>
            </choice>
            <object-to-string-transformer doc:name="Object to String"/>
            <expression-component doc:name="Expression"><![CDATA[#[flowVars.build_form=flowVars.build_form + payload]]]></expression-component>
        </foreach>
        <parse-template location="app_customize.html" doc:name="Parse Template"/>
    </flow>
    <flow name="override_custom_fileds">
        <http:listener config-ref="HTTP_Listener_Configuration" path="/CustomOverride" doc:name="HTTP"/>
        <set-session-variable variableName="currentDomain" value="#[message.inboundProperties.'http.query.params'.domain]" doc:name="Session Variable"/>
        <set-variable variableName="data" value="#[payload]" doc:name="Variable"/>
        <db:select config-ref="MySQL_Configuration" doc:name="Database">
            <db:parameterized-query><![CDATA[select * from custom_fields]]></db:parameterized-query>
        </db:select>
        <foreach collection="#[payload]" doc:name="For Each">
            <set-variable variableName="notes" value="notes" doc:name="Variable"/>
            <expression-component doc:name="Expression"><![CDATA[#[flowVars.notes = payload.fieldname + flowVars.notes]]]></expression-component>
            <db:insert config-ref="MySQL_Configuration" doc:name="Database">
                <db:parameterized-query><![CDATA[insert into Api_custom_fields(domain,fieldname,fieldvalue,notes) values (#[sessionVars.currentDomain], #[payload.fieldname], #[flowVars.data.get(payload.fieldname)], #[flowVars.data.get(flowVars.notes)]) ON DUPLICATE key update domain=#[sessionVars.currentDomain],fieldname=#[payload.fieldname],fieldvalue=#[flowVars.data.get(payload.fieldname)],notes=#[flowVars.data.get(flowVars.notes)]]]></db:parameterized-query>
            </db:insert>
        </foreach>
        <flow-ref name="homepageCheck" doc:name="homepageCheck"/>
        <parse-template location="home_page_checkApps.html" doc:name="Parse Template"/>
    </flow>
</mule>
