<?xml version="1.0" encoding="UTF-8"?>

<mule xmlns:json="http://www.mulesoft.org/schema/mule/json" xmlns:mulexml="http://www.mulesoft.org/schema/mule/xml" xmlns:db="http://www.mulesoft.org/schema/mule/db" xmlns:tracking="http://www.mulesoft.org/schema/mule/ee/tracking" xmlns:tls="http://www.mulesoft.org/schema/mule/tls"
	xmlns:dw="http://www.mulesoft.org/schema/mule/ee/dw" xmlns:metadata="http://www.mulesoft.org/schema/mule/metadata" xmlns:scripting="http://www.mulesoft.org/schema/mule/scripting" xmlns:data-mapper="http://www.mulesoft.org/schema/mule/ee/data-mapper" xmlns:http="http://www.mulesoft.org/schema/mule/http" xmlns="http://www.mulesoft.org/schema/mule/core" xmlns:doc="http://www.mulesoft.org/schema/mule/documentation"
	xmlns:spring="http://www.springframework.org/schema/beans" 
	xmlns:xsi="http://www.w3.org/2001/XMLSchema-instance"
	xsi:schemaLocation="http://www.mulesoft.org/schema/mule/tls http://www.mulesoft.org/schema/mule/tls/current/mule-tls.xsd
http://www.springframework.org/schema/beans http://www.springframework.org/schema/beans/spring-beans-current.xsd
http://www.mulesoft.org/schema/mule/core http://www.mulesoft.org/schema/mule/core/current/mule.xsd
http://www.mulesoft.org/schema/mule/http http://www.mulesoft.org/schema/mule/http/current/mule-http.xsd
http://www.mulesoft.org/schema/mule/ee/data-mapper http://www.mulesoft.org/schema/mule/ee/data-mapper/current/mule-data-mapper.xsd
http://www.mulesoft.org/schema/mule/scripting http://www.mulesoft.org/schema/mule/scripting/current/mule-scripting.xsd
http://www.mulesoft.org/schema/mule/ee/dw http://www.mulesoft.org/schema/mule/ee/dw/current/dw.xsd
http://www.mulesoft.org/schema/mule/ee/tracking http://www.mulesoft.org/schema/mule/ee/tracking/current/mule-tracking-ee.xsd
http://www.mulesoft.org/schema/mule/db http://www.mulesoft.org/schema/mule/db/current/mule-db.xsd
http://www.mulesoft.org/schema/mule/json http://www.mulesoft.org/schema/mule/json/current/mule-json.xsd
http://www.mulesoft.org/schema/mule/xml http://www.mulesoft.org/schema/mule/xml/current/mule-xml.xsd">
    <http:request-config name="HTTP_Request_Configuration"  host="anypoint.mulesoft.com" port="443" doc:name="HTTP Request Configuration" protocol="HTTPS">
        <http:basic-authentication username="#[flowVars.username]" password="#[flowVars.password]" />
    </http:request-config>
<http:listener-config name="HTTP_Listener_Configuration" host="0.0.0.0" port="${https.port}" doc:name="HTTP Listener Configuration" protocol="HTTPS">
        <tls:context>
            <tls:key-store type="jks" path="keystore.jks" keyPassword="ns_sfdc_so" password="ns_sfdc_so"/>
        </tls:context>
    </http:listener-config>
  <configuration doc:name="Configuration">
     <expression-language autoResolveVariables="true">
         <global-functions>
             def convertToString(data){
                 return data.toString();
             }
         </global-functions>
     </expression-language>
 </configuration>
 
    
    <data-mapper:config name="JSON_To_CSV" transformationGraphPath="json_to_csv.grf" doc:name="JSON_To_CSV"/>
    <data-mapper:config name="JSON_To_Map" transformationGraphPath="json_to_map.grf" doc:name="JSON_To_Map"/>
    <data-mapper:config name="JSON_To_CSV_1" transformationGraphPath="json_to_csv_1.grf" doc:name="JSON_To_CSV_1"/>
    <db:mysql-config name="MySQL_Configuration" host="localhost" port="3306" user="root" password="mule" database="appdashboard" doc:name="MySQL Configuration"/>
    <http:request-config name="HTTP_Request_Configuration_env" protocol="HTTPS" host="anypoint.mulesoft.com" port="443" doc:name="HTTP Request Configuration">
        <http:basic-authentication username="#[flowVars.username]@#[flowVars.env]" password="#[flowVars.password]"/>
    </http:request-config>
    <sub-flow name="GetAllAPPSonEnv">
        <set-variable variableName="env" value="#[payload]" doc:name="env"/>
        <set-variable variableName="Api_master" value="#[new java.util.HashMap();]" doc:name="Api_master"/>
        <db:select config-ref="MySQL_Configuration" doc:name="Database">
            <db:parameterized-query><![CDATA[select * from Api_master]]></db:parameterized-query>
        </db:select>
        <foreach doc:name="For Each">
            <expression-component doc:name="Expression"><![CDATA[ flowVars.Api_master.put(payload.domain, payload.lastUpdateTime);]]></expression-component>
        </foreach>
        <set-payload value="{nothing : &quot;there&quot;}" mimeType="application/json" doc:name="Set Payload"/>
        <http:request config-ref="HTTP_Request_Configuration_env" path="cloudhub/api/v2/applications" method="GET" metadata:id="777d9121-b3c9-4e82-aac2-d36b94e3b337" doc:name="HTTP"/>
        <json:json-to-object-transformer returnClass="java.lang.Object" doc:name="JSON to Object"/>
        <scatter-gather doc:name="Scatter-Gather">
            <foreach collection="#[payload]" doc:name="For Each">
                <dw:transform-message metadata:id="b2f89f67-5832-40ed-a0b4-7336fa4ab23e" doc:name="Transform Message">
                    <dw:input-payload doc:sample="/Users/mourya/Downloads/document.json"/>
                    <dw:set-payload><![CDATA[%dw 1.0
%output application/java
%var microvCore=0.1
%var smallCore=0.2
%var mediumCore=1
%var largeCore=2
---
{
	workerType: payload.workers.type.name,
	fullDomain: payload.fullDomain,
	staticIP: payload.staticIPsEnabled,
	domain: payload.domain,
	Id: payload.versionId,
	muleversion: payload.muleVersion.version,
	workers: payload.workers.amount,
	status: payload.status,
	//properties: payload.properties as :string, 
	lastUpdateTime: ((payload.lastUpdateTime/1000) as :datetime) as :string {format : " YYYY-MM-dd HH:mm:ss "} ,
	persistentQueues:payload.persistentQueues,
	persistentQueuesEncryptionEnabled: payload.persistentQueuesEncryptionEnabled,
	persistentQueuesEncrypted: payload.persistentQueuesEncrypted,
	monitoringEnabled: payload.monitoringEnabled,
	monitoringAutoRestart: payload.monitoringAutoRestart,
	hasfile: payload.hasFile,
	vCores: payload.workers.type.cpu,
	(vCoresEffectiveUsage : payload.workers.amount * microvCore ) when (payload.workers.type.name == "Micro") and ( payload.status=="STARTED"),
	(vCoresEffectiveUsage : payload.workers.amount * smallCore) when (payload.workers.type.name == "Small") and (  payload.status=="STARTED"),
	(vCoresEffectiveUsage : payload.workers.amount * mediumCore) when (payload.workers.type.name == "Medium") and ( payload.status=="STARTED"),
	(vCoresEffectiveUsage : payload.workers.amount * largeCore) when (payload.workers.type.name == "Large") and (  payload.status=="STARTED")
}
      ]]></dw:set-payload>
                </dw:transform-message>
                <set-variable variableName="time" value="#[flowVars.Api_master.get(payload.domain)]" doc:name="Variable"/>
                <choice doc:name="Choice">
                    <when expression="#[flowVars.Api_master.get(payload.domain) == null]">
                        <scatter-gather doc:name="Scatter-Gather">
                            <db:insert config-ref="MySQL_Configuration" doc:name="Insert Details">
                                <db:parameterized-query><![CDATA[INSERT INTO Api_CH(Id, domain,environment, status, workers, workertype, staticIP, lastUpdateTime, muleversion, vcores, vcoresEffectiveUsage, fullDomain,hasFile, persistentQ, persistentQEnabled, persistentQE, monitoringE, monitoringAR) values ( #[payload.Id],#[payload.domain],#[flowVars.env] ,#[payload.status] ,#[payload.workers], #[payload.workerType],  #[payload.staticIP], #[payload.lastUpdateTime], #[payload.muleversion],  #[payload.vCores],#[payload.vCoresEffectiveUsage], #[payload.fullDomain],#[payload.hasfile], #[payload.persistentQueues], #[payload.persistentQueuesEncryptionEnabled],#[payload.persistentQueuesEncrypted],#[payload.monitoringEnabled],#[payload.monitoringAutoRestart] )]]></db:parameterized-query>
                            </db:insert>
                            <db:insert config-ref="MySQL_Configuration" doc:name="Insert Check">
                                <db:parameterized-query><![CDATA[insert into Api_custom_fields(domain, fieldname, fieldvalue) values (#[payload.domain], "check", "yes")]]></db:parameterized-query>
                            </db:insert>
                            <db:insert config-ref="MySQL_Configuration" doc:name="Insert_api_master">
                                <db:parameterized-query><![CDATA[insert into Api_master(domain, lastUpdateTime) values (#[payload.domain], #[payload.lastUpdateTime])]]></db:parameterized-query>
                            </db:insert>
                        </scatter-gather>
                    </when>
                    <when expression="#[flowVars.time.equals(payload.lastUpdateTime) == 'false']">
                        <scatter-gather doc:name="Scatter-Gather">
                            <db:update config-ref="MySQL_Configuration" doc:name="Update_api_CH">
                                <db:parameterized-query><![CDATA[UPDATE Api_CH set Id=#[payload.Id],  domain= #[payload.domain], environment=#[flowVars.env], status=#[payload.status], workers=#[payload.workers], workertype= #[payload.workerType], staticIP=#[payload.staticIP], lastUpdateTime= #[payload.lastUpdateTime], muleversion=#[payload.muleversion], vcores=#[payload.vCores], vcoresEffectiveUsage=#[payload.vCoresEffectiveUsage],  fullDomain=#[payload.fullDomain], hasFile=#[payload.hasfile], persistentQ=#[payload.persistentQueues], persistentQEnabled=#[payload.persistentQueuesEncryptionEnabled],persistentQE=#[payload.persistentQueuesEncrypted],monitoringE=#[payload.monitoringEnabled],monitoringAR=#[payload.monitoringAutoRestart] where domain=#[payload.domain]]]></db:parameterized-query>
                            </db:update>
                            <db:update config-ref="MySQL_Configuration" doc:name="Update_api_master">
                                <db:parameterized-query><![CDATA[update Api_master set domain=#[payload.domain], lastUpdateTime=#[payload.lastUpdateTime] where domain=#[payload.domain]]]></db:parameterized-query>
                            </db:update>
                        </scatter-gather>
                    </when>
                    <when expression="#[flowVars.time.equals(payload.lastUpdateTime) == 'true']">
                        <set-variable variableName="nothing" value="#[payload.lastUpdateTime]" doc:name="Do nothing"/>
                    </when>
                </choice>
            </foreach>
            <flow-ref name="getProperties" doc:name="getProperties"/>
        </scatter-gather>



    </sub-flow>
    <sub-flow name="getProperties">
        <foreach collection="#[payload]" doc:name="For Each">
            <set-variable variableName="domain1" value="#[payload.domain]" doc:name="Variable"/>
            <set-payload value="#[payload.properties]" doc:name="Set Payload"/>
            <object-to-string-transformer doc:name="Object to String"/>
            <db:insert config-ref="MySQL_Configuration" doc:name="Properties">
                <db:parameterized-query><![CDATA[insert into Api_CH_details(domain,property) values (#[flowVars.domain1], #[payload]) on duplicate key update domain=#[flowVars.domain1], property=#[payload]]]></db:parameterized-query>
            </db:insert>
        </foreach>
    </sub-flow>
    <sub-flow name="buildHomepage">
        <set-variable variableName="table" value="" doc:name="Variable"/>
        <foreach doc:name="For Each">
            <dw:transform-message doc:name="Transform Message">
                <dw:set-payload><![CDATA[%dw 1.0
%output application/java
---

	 {
 
    
       domain: payload.domain,
       Id: payload.Id,
       username: payload.username,
        environment: payload.environment,
       status: payload.status,
       // property: payload.property,
        
        workers: payload.workers,
        workertype: payload.workertype,
        (staticIP: "false" )when (payload.staticIP=="0"),
        (staticIP: "true" )when (payload.staticIP=="1"),
        (staticIP: "NULL" )when (payload.staticIP=="NULL"),
        LastUpdateTime: payload.LastUpdateTime,
        muleversion: payload.muleversion,
        vcores: payload.vcores,
        vcoresEffectiveUsage: payload.vcoresEffectiveUsage,
        fullDomain: payload.fullDomain,
        (hasFile: "false" )when (payload.hasFile=="0"),
        (hasFile: "true" )when (payload.hasFile=="1"),
        (hasFile: "NULL" )when (payload.hasFile=="NULL"),
        (persistentQ: "false" )when (payload.persistentQ=="0"),
        (persistentQ: "true" )when (payload.persistentQ=="1"),
          (persistentQ: "NULL" )when (payload.persistentQ=="NULL"),
        
        (persistentQEnabled: "false" )when (payload.persistentQEnabled=="0"),
        (persistentQEnabled: "true" )when (payload.persistentQEnabled=="1"),
         (persistentQEnabled: "NULL" )when (payload.persistentQEnabled=="NULL"),
        
        (persistentQE: "false" )when (payload.persistentQE=="0"),
        (persistentQE: "true" )when (payload.persistentQE=="1"),
        (persistentQE: "NULL" )when (payload.persistentQE=="NULL"),
        
        (monitoringE: "false" )when (payload.monitoringE=="0"),
        (monitoringE: "true" )when (payload.monitoringE=="1"),
         (monitoringE: "NULL" )when (payload.monitoringE=="NULL"),
        
        (monitoringAR: "false" )when (payload.monitoringAR=="0"),
        (monitoringAR: "true" )when (payload.monitoringAR=="1"),
                (monitoringAR: "NULL" )when (payload.monitoringAR=="NULL"),
        
        OrgName: payload.OrgName
        
      
    }
  
]]></dw:set-payload>
            </dw:transform-message>
            <parse-template location="html/build_table_home.html" doc:name="Parse Template"/>
            <object-to-string-transformer mimeType="text/html" doc:name="Object to String"/>
            <expression-component doc:name="Expression"><![CDATA[#[flowVars.table=flowVars.table + payload]]]></expression-component>
        </foreach>
    </sub-flow>
    <flow name="homepageCheck">
        <http:listener config-ref="HTTP_Listener_Configuration" path="/homepage_DB.html" doc:name="HTTP"/>
        <db:select config-ref="MySQL_Configuration" doc:name="Database">
            <db:parameterized-query><![CDATA[select Api_master.domain, Api_CH.Id, Api_CH.environment, Api_CH.status, Api_CH.workers, Api_CH.workertype, Api_CH.staticIP, Api_CH.LastUpdateTime, Api_CH.muleversion, Api_CH.vcores, Api_CH.vcoresEffectiveUsage, Api_CH.hasFile, Api_CH.persistentQ, Api_CH.persistentQEnabled, Api_CH.persistentQE, Api_CH.monitoringE, Api_CH.monitoringAR from  Api_CH join Api_master on Api_master.domain =  Api_CH.domain JOIN Api_custom_fields on Api_master.domain=Api_custom_fields.domain  where  Api_custom_fields.fieldname=
'check' and Api_custom_fields.fieldvalue = 'yes']]></db:parameterized-query>
        </db:select>
        <flow-ref name="buildHomepage" doc:name="buildHomepage"/>
        <parse-template location="home_page_checkApps.html" doc:name="Parse Template"/>
    </flow>
    <flow name="homepage_showAll">
        <http:listener config-ref="HTTP_Listener_Configuration" path="/show_all.html" doc:name="HTTP"/>
        <db:select config-ref="MySQL_Configuration" doc:name="Database">
            <db:parameterized-query><![CDATA[select Api_master.domain, Api_CH.Id, Api_CH.environment, Api_CH.status, Api_CH.workers, Api_CH.workertype, Api_CH.staticIP, Api_CH.LastUpdateTime, Api_CH.muleversion, Api_CH.vcores, Api_CH.vcoresEffectiveUsage, Api_CH.hasFile, Api_CH.persistentQ, Api_CH.persistentQEnabled, Api_CH.persistentQE, Api_CH.monitoringE, Api_CH.monitoringAR from  Api_CH join Api_master on Api_master.domain =  Api_CH.domain]]></db:parameterized-query>
        </db:select>
        <flow-ref name="buildHomepage" doc:name="buildHomepage"/>
        <parse-template location="home_page_all.html" doc:name="Parse Template"/>
    </flow>


    <flow name="HomepageFlow">
        <http:listener config-ref="HTTP_Listener_Configuration" path="/homePage.html" doc:name="HTTP"/>

        <set-variable variableName="username" value="#[payload.username]" doc:name="username"/>
        <set-variable variableName="password" value="#[payload.password]" doc:name="password"/>
        <set-variable variableName="environments" value="${env}" doc:name="environment"/>
        <set-variable variableName="split_env" value="#[flowVars.environments.split(',')]" doc:name="split_env"/>
        <foreach collection="#[flowVars.split_env]" doc:name="For Each">
            <flow-ref name="GetAllAPPSonEnv" doc:name="GetAllAPPSonEnv"/>
        </foreach>
        <flow-ref name="homepageCheck" doc:name="homepageCheck"/>
        <parse-template location="home_page_checkApps.html" doc:name="Parse Template"/>


        <catch-exception-strategy doc:name="Catch Exception Strategy">
            <set-payload value="Invalid request...Please check your credentials and retry" doc:name="Set Payload"/>
        </catch-exception-strategy>
                </flow>

</mule>
