{
  "events": {
    "1431145723547": 0,
    "1431229423547": 0,
    "1431230323547": 0,
    "1431231223547": 0
  },
  "workerStatistics": [
    {
      "id": "i-0331cdfc",
      "ipAddress": "52.6.239.113",
      "statistics": {
        "memoryTotalUsed": {
          "1431231180000": 1000,
          "1431232080000": 1000
        },
        "diskWriteBytes": {
          "1431145680000": -1,
          "1431146580000": -1
        },
        "cpu": {
          "1431145680000": 3,
          "1431146580000": 5
        },
        "networkOut": {
          "1431146580000": 34234,
          "1431231180000": 73779.5
        },
        "diskReadBytes": {
          "1431145680000": 3434,
          "1431146580000": 4545
        },
        "networkIn": {
          "1431145680000": 4554,
          "1431146580000": 2222,
          "1431231180000": 334,
          "1431232080000": 6666
        },
        "memoryTotalMax": {
          "1431145680000": 344,
          "1431146580000": 344
        }
      }
    }
  ]
}