<?xml version="1.0" encoding="UTF-8"?>

<mule xmlns:db="http://www.mulesoft.org/schema/mule/db" xmlns:http="http://www.mulesoft.org/schema/mule/http" xmlns="http://www.mulesoft.org/schema/mule/core" xmlns:doc="http://www.mulesoft.org/schema/mule/documentation"
	xmlns:spring="http://www.springframework.org/schema/beans" 
	xmlns:xsi="http://www.w3.org/2001/XMLSchema-instance"
	xsi:schemaLocation="http://www.springframework.org/schema/beans http://www.springframework.org/schema/beans/spring-beans-current.xsd
http://www.mulesoft.org/schema/mule/core http://www.mulesoft.org/schema/mule/core/current/mule.xsd
http://www.mulesoft.org/schema/mule/db http://www.mulesoft.org/schema/mule/db/current/mule-db.xsd
http://www.mulesoft.org/schema/mule/http http://www.mulesoft.org/schema/mule/http/current/mule-http.xsd">
    <flow name="app_summaryFlow">
        <http:listener config-ref="HTTP_Listener_Configuration" path="/" doc:name="HTTP"/>
        <scatter-gather doc:name="Scatter-Gather">
            <processor-chain>
                <db:select config-ref="MySQL_Configuration" doc:name="Database">
                    <db:parameterized-query><![CDATA[select *  from Api_master;]]></db:parameterized-query>
                </db:select>
                <set-variable variableName="Api_count" value="#[payload.size]" doc:name="Variable"/>
            </processor-chain>
            <processor-chain>
                <db:select config-ref="MySQL_Configuration" doc:name="Database">
                    <db:parameterized-query><![CDATA[select * from Api_master where environment ='Production']]></db:parameterized-query>
                </db:select>
                <set-variable variableName="prod_count" value="#[payload.size]" doc:name="Variable"/>
            </processor-chain>
            <processor-chain>
                <db:select config-ref="MySQL_Configuration" doc:name="Database">
                    <db:parameterized-query><![CDATA[select * from Api_CH where status = 'STARTED']]></db:parameterized-query>
                </db:select>
                <set-variable variableName="started_count" value="#[payload.size]" doc:name="Variable"/>
            </processor-chain>
            <processor-chain>
                <db:select config-ref="MySQL_Configuration" doc:name="Database">
                    <db:parameterized-query><![CDATA[select domain from Api_custom_fields where fieldname='lcm_enabled' and fieldvalue ='yes']]></db:parameterized-query>
                </db:select>
                <set-variable variableName="lcm_count" value="#[payload.size]" doc:name="Variable"/>
            </processor-chain>
            <processor-chain>
                <db:select config-ref="MySQL_Configuration" doc:name="Database">
                    <db:parameterized-query><![CDATA[select domain from Api_custom_fields where fieldname='template' and fieldvalue ='yes']]></db:parameterized-query>
                </db:select>
                <set-variable variableName="template_count" value="#[payload.size]" doc:name="Variable"/>
            </processor-chain>
        </scatter-gather>
    </flow>
</mule>
