<?xml version="1.0" encoding="UTF-8"?>

<mule xmlns:scripting="http://www.mulesoft.org/schema/mule/scripting" xmlns:tracking="http://www.mulesoft.org/schema/mule/ee/tracking" xmlns:json="http://www.mulesoft.org/schema/mule/json"
	xmlns:encryption="http://www.mulesoft.org/schema/mule/encryption" xmlns:dw="http://www.mulesoft.org/schema/mule/ee/dw" xmlns:db="http://www.mulesoft.org/schema/mule/db" xmlns:http="http://www.mulesoft.org/schema/mule/http" xmlns="http://www.mulesoft.org/schema/mule/core" xmlns:doc="http://www.mulesoft.org/schema/mule/documentation"
	xmlns:spring="http://www.springframework.org/schema/beans" 
	xmlns:xsi="http://www.w3.org/2001/XMLSchema-instance"
	xsi:schemaLocation="http://www.mulesoft.org/schema/mule/json http://www.mulesoft.org/schema/mule/json/current/mule-json.xsd
http://www.springframework.org/schema/beans http://www.springframework.org/schema/beans/spring-beans-current.xsd
http://www.mulesoft.org/schema/mule/core http://www.mulesoft.org/schema/mule/core/current/mule.xsd
http://www.mulesoft.org/schema/mule/http http://www.mulesoft.org/schema/mule/http/current/mule-http.xsd
http://www.mulesoft.org/schema/mule/db http://www.mulesoft.org/schema/mule/db/current/mule-db.xsd
http://www.mulesoft.org/schema/mule/ee/dw http://www.mulesoft.org/schema/mule/ee/dw/current/dw.xsd
http://www.mulesoft.org/schema/mule/encryption http://www.mulesoft.org/schema/mule/encryption/current/mule-encryption.xsd
http://www.mulesoft.org/schema/mule/scripting http://www.mulesoft.org/schema/mule/scripting/current/mule-scripting.xsd
http://www.mulesoft.org/schema/mule/ee/tracking http://www.mulesoft.org/schema/mule/ee/tracking/current/mule-tracking-ee.xsd">
    <flow name="appdetailsFlow">
        <http:listener config-ref="HTTP_Listener_Configuration" path="/getAppDetails" doc:name="HTTP"/>
        <set-variable variableName="domain" value="#[message.inboundProperties.'http.query.params'.domain]" doc:name="Variable"/>
        <set-variable variableName="password" value="Mourya123" doc:name="Variable"/>
        <set-variable variableName="username" value="mouryab" doc:name="Variable"/>
        <scatter-gather doc:name="Scatter-Gather">
            <processor-chain>
                <db:select config-ref="MySQL_Configuration" doc:name="Database">
                    <db:parameterized-query><![CDATA[select * from Api_CH where domain=#[flowVars.domain]]]></db:parameterized-query>
                </db:select>
                <dw:transform-message doc:name="Transform Message">
                    <dw:set-payload><![CDATA[%dw 1.0
%output application/java
---

	 {
 
    
       domain: payload[0].domain,
       Id: payload[0].Id,
        environment: payload[0].environment,
       status: payload[0].status,
        
        workers: payload[0].workers,
        workertype: payload[0].workertype,
        (staticIP: "false" )when (payload[0].staticIP=="0"),
        (staticIP: "true" )when (payload[0].staticIP=="1"),
        (staticIP: "NULL" )when (payload[0].staticIP=="NULL"),
        LastUpdateTime: payload[0].LastUpdateTime,
        muleversion: payload[0].muleversion,
        vcores: payload[0].vcores,
        vcoresEffectiveUsage: payload[0].vcoresEffectiveUsage,
        fullDomain: payload[0].fullDomain,
        (hasFile: "false" )when (payload[0].hasFile=="0"),
        (hasFile: "true" )when (payload[0].hasFile=="1"),
        (hasFile: "NULL" )when (payload[0].hasFile=="NULL"),
        (persistentQ: "false" )when (payload[0].persistentQ=="0"),
        (persistentQ: "true" )when (payload[0].persistentQ=="1"),
          (persistentQ: "NULL" )when (payload[0].persistentQ=="NULL"),
        
        (persistentQEnabled: "false" )when (payload[0].persistentQEnabled=="0"),
        (persistentQEnabled: "true" )when (payload[0].persistentQEnabled=="1"),
         (persistentQEnabled: "NULL" )when (payload[0].persistentQEnabled=="NULL"),
        
        (persistentQE: "false" )when (payload[0].persistentQE=="0"),
        (persistentQE: "true" )when (payload[0].persistentQE=="1"),
        (persistentQE: "NULL" )when (payload[0].persistentQE=="NULL"),
        
        (monitoringE: "false" )when (payload[0].monitoringE=="0"),
        (monitoringE: "true" )when (payload[0].monitoringE=="1"),
         (monitoringE: "NULL" )when (payload[0].monitoringE=="NULL"),
        
        (monitoringAR: "false" )when (payload[0].monitoringAR=="0"),
        (monitoringAR: "true" )when (payload[0].monitoringAR=="1"),
                (monitoringAR: "NULL" )when (payload[0].monitoringAR=="NULL"),
        
        OrgName: payload[0].OrgName
        
      
    }
  
]]></dw:set-payload>
                </dw:transform-message>
            </processor-chain>
            <processor-chain>
                <db:select config-ref="MySQL_Configuration" doc:name="Database">
                    <db:parameterized-query><![CDATA[select property from Api_CH_details where domain=#[flowVars.domain]]]></db:parameterized-query>
                </db:select>
                <dw:transform-message doc:name="Transform Message">
                    <dw:set-payload><![CDATA[%dw 1.0
%output application/java
---
{
	        property: payload[0].property
	
}]]></dw:set-payload>
                </dw:transform-message>
            </processor-chain>
            <flow-ref name="GetDashboardStats" doc:name="GetDashboardStats"/>
            <flow-ref name="getDeploymentDetails" doc:name="getDeploymentDetails"/>
        </scatter-gather>
        <parse-template location="appDetails.html" doc:name="Parse Template"/>
    </flow>
    <sub-flow name="getDeploymentDetails">
        <http:request config-ref="HTTP_Request_Configuration" path="cloudhub/api/v2/applications/#[flowVars.domain]/deployments?orderByDate=DESC" method="GET" doc:name="HTTP">
            <http:request-builder>
                <http:header headerName="X-ANYPNT-ENV-ID" value="5526eb6fe4b0ccf3b06a3f59"/>
            </http:request-builder>
        </http:request>
                <json:json-to-object-transformer returnClass="java.lang.Object" doc:name="JSON to Object"/>
        <foreach collection="#[payload.data]" doc:name="For Each">
            <choice doc:name="Choice">
                <when expression="#[payload.instances[0].status == 'STARTED']">
                    <db:insert config-ref="MySQL_Configuration" doc:name="Database">
                        <db:parameterized-query><![CDATA[INSERT into Api_CH_deployments(domain, Ipaddress) values (#[flowVars.domain], #[payload.instances[0].publicIPAddress]) on duplicate key update domain=#[flowVars.domain],     Ipaddress = #[payload.instances[0].publicIPAddress]]]></db:parameterized-query>
                    </db:insert>
                </when>
                <otherwise>
                    <set-variable variableName="nothing" value="" doc:name="Variable"/>
                </otherwise>
            </choice>
        </foreach>
        <db:select config-ref="MySQL_Configuration" doc:name="Database">
            <db:parameterized-query><![CDATA[select * from Api_CH_deployments where domain = #[flowVars.domain]]]></db:parameterized-query>
        </db:select>
        
    </sub-flow>
    <sub-flow name="GetDashboardStats">
        <http:request config-ref="HTTP_Request_Configuration" path="cloudhub/api/v2/applications/#[flowVars.domain]/dashboardStats" method="GET" doc:name="HTTP">
        </http:request>
        <json:json-to-object-transformer returnClass="java.lang.Object" doc:name="JSON to Object"/>
        <set-variable variableName="map" value="#[payload.events]" doc:name="Variable"/>
        <scripting:component doc:name="Groovy">
            <scripting:script engine="Groovy"><![CDATA[Map.Entry<Integer, Integer> maxEntry = null;

for (Map.Entry<Integer, Integer> entry : flowVars.map.entrySet())
{
    if (maxEntry == null || entry.getValue().compareTo(maxEntry.getValue()) >= 0)
    {
        maxEntry = entry;
    }
}
return maxEntry;]]></scripting:script>
        </scripting:component>
        <choice doc:name="Choice">
            <when expression="#[payload.value == 0]">
                <dw:transform-message doc:name="Transform Message">
                    <dw:set-payload><![CDATA[%dw 1.0
%output application/java
---
{
	timestamp: 'No events in the last 24 hours'
}]]></dw:set-payload>
                </dw:transform-message>
            </when>
            <when expression="#[payload.value != 0]">
                <set-payload value="#[payload.key]" doc:name="Set Payload"/>
                <dw:transform-message doc:name="Transform Message">
                    <dw:set-payload><![CDATA[%dw 1.0
%output application/java
---
{
	 timestamp : ((payload/1000) as :datetime) as :string {format : " YYYY-MM-dd HH:mm:ss "}
}]]></dw:set-payload>
                </dw:transform-message>
            </when>
        </choice>
        
    </sub-flow>
</mule>
