[
  {
    "id": "55d62a7fe4b0c8953d1729c4",
    "href": "http://anypoint.mulesoft.com:8080/api/applications/errorframework",
    "domain": "errorframework",
    "fullDomain": "errorframework.cloudhub.io",
    "properties": {},
    "propertiesOptions": {},
    "status": "STARTED",
    "workers": 1,
    "workerType": "Medium",
    "lastUpdateTime": 144132949160,
    "filename": "samplevm.zip",
    "remainingWorkerCount": 2,
    "muleVersion": "3.6.2",
    "supportedVersions": [
      "3.3.2",
      "3.4.0",
      "3.5.0",
      "3.4.1",
      "3.4.2",
      "3.5.1",
      "3.5.2",
      "API Gateway 1.2.1",
      "3.4.3",
      "3.6.0",
      "API Gateway 1.3.1",
      "3.6.1",
      "API Gateway 1.3.2",
      "3.6.2",
      "3.7.0",
      "API Gateway 2.0.3",
      "3.7.1",
      "3.5.3",
      "API Gateway 2.1.0",
      "3.7.2",
      "3.6.3"
    ],
    "instanceSize": "m3.medium",
    "tenants": 0,
    "region": "us-east-1",
    "userId": "4f0bf48c-ec28-44a5-b6cc-6a7cebc5f61f",
    "userName": "najayvarma4",
    "vpnConfig": {
      "network": "203.0.113.0",
      "mask": 27
    },
    "hasFile": true,
    "staticIPsEnabled": false,
    "multitenanted": false,
    "persistentQueues": true,
    "monitoringAutoRestart": true,
    "encryptedPersistentQueues": false,
    "ipAddresses": [],
    "secureDataGateway": {
      "connected": false
    },
    "secureDataGatewayEnabled": false,
    "vpnEnabled": false,
    "loggingNgEnabled": true,
    "loggingCustomLog4JEnabled": false
  },
  {
    "id": "560c2e29e4b06569b939f4ae",
    "href": "http://anypoint.mulesoft.com:8080/api/applications/samplemaven2proj",
    "domain": "samplemaven2proj",
    "fullDomain": "samplemaven2proj.cloudhub.io",
    "properties": {},
    "propertiesOptions": {},
    "status": "STARTED",
    "workers": 1,
    "workerType": "Micro",
    "lastUpdateTime": 1443639050305,
    "filename": "samplemaven2proj-1.0.0-SNAPSHOT.zip",
    "remainingWorkerCount": 3,
    "muleVersion": "3.7.0",
    "supportedVersions": [
      "3.3.2",
      "3.4.0",
      "3.5.0",
      "3.4.1",
      "3.4.2",
      "3.5.1",
      "3.5.2",
      "API Gateway 1.2.1",
      "3.4.3",
      "3.6.0",
      "API Gateway 1.3.1",
      "3.6.1",
      "API Gateway 1.3.2",
      "3.6.2",
      "3.7.0",
      "API Gateway 2.0.3",
      "3.7.1",
      "3.5.3",
      "API Gateway 2.1.0",
      "3.7.2",
      "3.6.3"
    ],
    "instanceSize": "t2.micro",
    "tenants": 0,
    "region": "us-east-1",
    "userId": "4f0bf48c-ec28-44a5-b6cc-6a7cebc5f61f",
    "userName": "najayvarma4",
    "vpnConfig": {
      "network": "203.0.113.0",
      "mask": 27
    },
    "hasFile": true,
    "staticIPsEnabled": false,
    "multitenanted": false,
    "persistentQueues": false,
    "monitoringAutoRestart": true,
    "encryptedPersistentQueues": false,
    "ipAddresses": [],
    "secureDataGateway": {
      "connected": false
    },
    "secureDataGatewayEnabled": false,
    "vpnEnabled": false,
    "loggingNgEnabled": true,
    "loggingCustomLog4JEnabled": false
  },
  {
    "id": "5612b6dce4b0c7435160d9db",
    "href": "http://anypoint.mulesoft.com:8080/api/applications/cidemoproject",
    "domain": "cidemoproject",
    "fullDomain": "cidemoproject.cloudhub.io",
    "properties": {},
    "propertiesOptions": {},
    "status": "STARTED",
    "workers": 1,
    "workerType": "Small",
    "lastUpdateTime": 1444067385712,
    "filename": "cidemoproject-1.0.0-SNAPSHOT.zip",
    "remainingWorkerCount": 3,
    "muleVersion": "3.7.1",
    "supportedVersions": [
      "3.3.2",
      "3.4.0",
      "3.5.0",
      "3.4.1",
      "3.4.2",
      "3.5.1",
      "3.5.2",
      "API Gateway 1.2.1",
      "3.4.3",
      "3.6.0",
      "API Gateway 1.3.1",
      "3.6.1",
      "API Gateway 1.3.2",
      "3.6.2",
      "3.7.0",
      "API Gateway 2.0.3",
      "3.7.1",
      "3.5.3",
      "API Gateway 2.1.0",
      "3.7.2",
      "3.6.3"
    ],
    "instanceSize": "t2.small",
    "tenants": 0,
    "region": "us-east-1",
    "userId": "4f0bf48c-ec28-44a5-b6cc-6a7cebc5f61f",
    "userName": "najayvarma4",
    "vpnConfig": {
      "network": "203.0.113.0",
      "mask": 27
    },
    "hasFile": true,
    "staticIPsEnabled": false,
    "multitenanted": false,
    "persistentQueues": false,
    "monitoringAutoRestart": true,
    "encryptedPersistentQueues": false,
    "ipAddresses": [],
    "secureDataGateway": {
      "connected": false
    },
    "secureDataGatewayEnabled": false,
    "vpnEnabled": false,
    "loggingNgEnabled": true,
    "loggingCustomLog4JEnabled": false
  }
]