<?xml version="1.0" encoding="UTF-8"?>

<mule xmlns:db="http://www.mulesoft.org/schema/mule/db" xmlns:http="http://www.mulesoft.org/schema/mule/http" xmlns:tracking="http://www.mulesoft.org/schema/mule/ee/tracking" xmlns="http://www.mulesoft.org/schema/mule/core" xmlns:doc="http://www.mulesoft.org/schema/mule/documentation"
	xmlns:spring="http://www.springframework.org/schema/beans" 
	xmlns:xsi="http://www.w3.org/2001/XMLSchema-instance"
	xsi:schemaLocation="http://www.springframework.org/schema/beans http://www.springframework.org/schema/beans/spring-beans-current.xsd
http://www.mulesoft.org/schema/mule/core http://www.mulesoft.org/schema/mule/core/current/mule.xsd
http://www.mulesoft.org/schema/mule/http http://www.mulesoft.org/schema/mule/http/current/mule-http.xsd
http://www.mulesoft.org/schema/mule/db http://www.mulesoft.org/schema/mule/db/current/mule-db.xsd
http://www.mulesoft.org/schema/mule/ee/tracking http://www.mulesoft.org/schema/mule/ee/tracking/current/mule-tracking-ee.xsd">
    <flow name="getAppsByEnv_check">
        <http:listener config-ref="HTTP_Listener_Configuration" path="/apps_by_env_check.html" doc:name="HTTP"/>
        <set-variable variableName="env" value="#[message.inboundProperties.'http.query.params'.env]" doc:name="Variable"/>
        <db:select config-ref="MySQL_Configuration" doc:name="Database">
            <db:parameterized-query><![CDATA[select Api_master.domain, Api_CH.Id, Api_CH.environment, Api_CH.status, Api_CH.workers, Api_CH.workertype, Api_CH.staticIP, Api_CH.LastUpdateTime, Api_CH.muleversion, Api_CH.vcores, Api_CH.vcoresEffectiveUsage, Api_CH.hasFile, Api_CH.persistentQ, Api_CH.persistentQEnabled, Api_CH.persistentQE, Api_CH.monitoringE, Api_CH.monitoringAR from  Api_CH join Api_master on Api_master.domain =  Api_CH.domain JOIN Api_custom_fields on Api_master.domain=Api_custom_fields.domain where Api_CH.environment = #[flowVars.env]  and   Api_custom_fields.fieldname=
'check' and Api_custom_fields.fieldvalue = 'yes']]></db:parameterized-query>
        </db:select>
        <flow-ref name="buildHomepage" doc:name="buildHomepage"/>
        <parse-template location="home_page_all.html" doc:name="Parse Template"/>
    </flow>
    <flow name="getAppsByEnv_all">
        <http:listener config-ref="HTTP_Listener_Configuration" path="/apps_by_env_all.html" doc:name="HTTP"/>
        <set-variable variableName="env" value="#[message.inboundProperties.'http.query.params'.env]" doc:name="Variable"/>
        <db:select config-ref="MySQL_Configuration" doc:name="Database">
            <db:parameterized-query><![CDATA[select Api_master.domain, Api_CH.Id, Api_CH.environment, Api_CH.status, Api_CH.workers, Api_CH.workertype, Api_CH.staticIP, Api_CH.LastUpdateTime, Api_CH.muleversion, Api_CH.vcores, Api_CH.vcoresEffectiveUsage, Api_CH.hasFile, Api_CH.persistentQ, Api_CH.persistentQEnabled, Api_CH.persistentQE, Api_CH.monitoringE, Api_CH.monitoringAR from  Api_CH join Api_master on Api_master.domain =  Api_CH.domain where Api_CH.environment = #[flowVars.env]]]></db:parameterized-query>
        </db:select>
        <flow-ref name="buildHomepage" doc:name="buildHomepage"/>
        <parse-template location="home_page_checkApps.html" doc:name="Parse Template"/>
    </flow>
    <flow name="sortby_all">
        <http:listener config-ref="HTTP_Listener_Configuration" path="/sortallApps" doc:name="HTTP"/>
        <set-variable variableName="sort" value="#[message.inboundProperties.'http.query.params'.sort]" doc:name="Variable"/>
        <choice doc:name="Choice">
            <when expression="#[flowVars.sort == 'LastUpdateTime']">
                <db:select config-ref="MySQL_Configuration" doc:name="Database">
                    <db:parameterized-query><![CDATA[select Api_master.domain, Api_CH.Id, Api_CH.environment, Api_CH.status, Api_CH.workers, Api_CH.workertype, Api_CH.staticIP, Api_CH.LastUpdateTime, Api_CH.muleversion, Api_CH.vcores, Api_CH.vcoresEffectiveUsage, Api_CH.hasFile, Api_CH.persistentQ, Api_CH.persistentQEnabled, Api_CH.persistentQE, Api_CH.monitoringE, Api_CH.monitoringAR from  Api_CH join Api_master on Api_master.domain =  Api_CH.domain JOIN Api_custom_fields on Api_master.domain=Api_custom_fields.domain  where  Api_custom_fields.fieldname=
'check' and Api_custom_fields.fieldvalue = 'yes' order by Api_CH.LastUpdateTime DESC]]></db:parameterized-query>
                </db:select>
            </when>
            <when expression="#[flowVars.sort == 'workers']">
                <db:select config-ref="MySQL_Configuration" doc:name="Database">
                    <db:parameterized-query><![CDATA[select Api_master.domain, Api_CH.Id, Api_CH.environment, Api_CH.status, Api_CH.workers, Api_CH.workertype, Api_CH.staticIP, Api_CH.LastUpdateTime, Api_CH.muleversion, Api_CH.vcores, Api_CH.vcoresEffectiveUsage, Api_CH.hasFile, Api_CH.persistentQ, Api_CH.persistentQEnabled, Api_CH.persistentQE, Api_CH.monitoringE, Api_CH.monitoringAR from  Api_CH join Api_master on Api_master.domain =  Api_CH.domain JOIN Api_custom_fields on Api_master.domain=Api_custom_fields.domain  where  Api_custom_fields.fieldname=
'check' and Api_custom_fields.fieldvalue = 'yes' order by Api_CH.workers DESC]]></db:parameterized-query>
                </db:select>
            </when>
            <when expression="#[flowVars.sort == 'vcores']">
                <db:select config-ref="MySQL_Configuration" doc:name="Database">
                    <db:parameterized-query><![CDATA[select Api_master.domain, Api_CH.Id, Api_CH.environment, Api_CH.status, Api_CH.workers, Api_CH.workertype, Api_CH.staticIP, Api_CH.LastUpdateTime, Api_CH.muleversion, Api_CH.vcores, Api_CH.vcoresEffectiveUsage, Api_CH.hasFile, Api_CH.persistentQ, Api_CH.persistentQEnabled, Api_CH.persistentQE, Api_CH.monitoringE, Api_CH.monitoringAR from  Api_CH join Api_master on Api_master.domain =  Api_CH.domain JOIN Api_custom_fields on Api_master.domain=Api_custom_fields.domain  where  Api_custom_fields.fieldname=
'check' and Api_custom_fields.fieldvalue = 'yes' order by Api_CH.vcores DESC]]></db:parameterized-query>
                </db:select>
            </when>
        </choice>
        <flow-ref name="buildHomepage" doc:name="buildHomepage"/>
        <parse-template location="src/main/resources/home_page_all.html" doc:name="Parse Template"/>
    </flow>
    <flow name="searchApps">
        <http:listener config-ref="HTTP_Listener_Configuration" path="/search_app.html" doc:name="HTTP"/>
        <set-variable variableName="domain" value="#[payload.domain]" doc:name="Variable"/>
        <db:select config-ref="MySQL_Configuration" doc:name="Database">
            <db:parameterized-query><![CDATA[select Api_master.domain, Api_CH.Id, Api_CH.environment, Api_CH.status, Api_CH.workers, Api_CH.workertype, Api_CH.staticIP, Api_CH.LastUpdateTime, Api_CH.muleversion, Api_CH.vcores, Api_CH.vcoresEffectiveUsage, Api_CH.hasFile, Api_CH.persistentQ, Api_CH.persistentQEnabled, Api_CH.persistentQE, Api_CH.monitoringE, Api_CH.monitoringAR from  Api_CH join Api_master on Api_master.domain =  Api_CH.domain where Api_CH.domain = #[flowVars.domain]]]></db:parameterized-query>
        </db:select>
        <flow-ref name="buildHomepage" doc:name="buildHomepage"/>
        <parse-template location="home_page_checkApps.html" doc:name="Parse Template"/>
    </flow>
</mule>
